product_name,product_url,review_date,buyer_preference,brand,review
Noise Shots X4,https://www.gonoise.com,12/10/2023,Budget-focused,Sony,Average product but acceptable for budget
Skull-Candy Z180 Wireless Headphones,https://www.skullcandy.in,2/15/2024,Quality-focused,Skullcandy,Sound quality is excellent and very clear
Boat Rockerz 450,https://www.boat-lifestyle.com,2/10/2024,Budget-focused,boAt,Good value for the price and works well
Sony WH-1000XM4,https://www.sony.co.in,2/5/2024,Value-for-money,Sony,Battery backup is decent for daily use
JBL Tune 510BT,https://www.jbl.com,1/30/2024,Quality-focused,JBL,Comfortable to wear for long hours
Noise Cancelling Pro X1,https://www.amazon.in,1/25/2024,Battery-life-focused,Generic,Build quality feels premium and strong
OnePlus Bullets Z,https://www.oneplus.in,1/20/2024,Comfort-focused,OnePlus,Noise cancellation works as expected
Realme Buds Air 3,https://www.realme.com/in,1/15/2024,Quality-focused,Realme,Easy to connect and stable Bluetooth
Apple AirPods Pro,https://www.apple.com/in,1/10/2024,Premium-seeker,Apple,Design looks stylish and modern
Samsung Galaxy Buds 2,https://www.samsung.com/in,1/5/2024,Quality-focused,Samsung,Charging is fast and convenient
Boult Audio AirBass,https://www.boultaudio.com,1/1/2024,Budget-focused,Boult Audio,Overall satisfied with the performance
Boat Airdopes 141,https://www.boat-lifestyle.com,12/25/2023,Value-for-money,boAt,Sound is loud with good bass
JBL Live 660NC,https://www.jbl.com,12/20/2023,Feature-focused,JBL,Average product but acceptable for budget
Sony WF-1000XM3,https://www.sony.co.in,12/15/2023,Quality-focused,Sony,Battery drains faster than expected
Noise Shots X5,https://www.gonoise.com,12/10/2023,Performance-focused,Noise,Comfort is good but ear cups feel tight
Crossbeats Roar 2.0,https://www.crossbeats.com,12/5/2023,Durability-focused,Crossbeats,Build quality could have been better
Mivi DuoPods A25,https://www.mivi.in,12/1/2023,Budget-focused,Mivi,Noise cancellation is average
pTron Bassbuds,https://www.ptron.in,11/25/2023,Value-for-money,pTron,Connectivity issues occur sometimes
Sennheiser HD 450BT,https://www.sennheiser-hearing.com,11/20/2023,Quality-focused,Sennheiser,Design is simple and neat
Anker Soundcore Life Q20,https://www.anker.com,11/15/2023,Battery-life-focused,Anker,Charging cable quality is poor
Philips SHB3075,https://www.philips.co.in,11/10/2023,Comfort-focused,Philips,Product meets basic expectations
Zebronics Zeb-Bang,https://zebronics.com,11/5/2023,Budget-focused,Zebronics,Sound clarity is impressive
Infinity Glide 500,https://www.infinityspeakers.com,11/1/2023,Quality-focused,Infinity (Harman),Very comfortable for calls and music
Boat Rockerz 255,https://www.boat-lifestyle.com,10/25/2023,Value-for-money,boAt,Battery lasts long on single charge
JBL Endurance Run,https://www.jbl.com,10/20/2023,Performance-focused,JBL,Premium feel and solid build
Sony MDR-XB450,https://www.sony.co.in,10/15/2023,Durability-focused,Sony,Works well for travel and office use
Realme Buds Wireless,https://www.realme.com/in,10/10/2023,Budget-focused,Realme,Sound is okay but bass is low
Oppo Enco M32,https://www.oppo.com/in,10/5/2023,Quality-focused,Oppo,Value for money at this price
Xiaomi Mi Neckband Pro,https://www.mi.com/in,10/1/2023,Feature-focused,Xiaomi,Battery backup is inconsistent
Hammer Bash 2.0,https://hammeronline.in,9/25/2023,Battery-life-focused,Hammer,Comfort is average for long use
Fire-Boltt Audio Pro,https://www.fireboltt.com,9/20/2023,Comfort-focused,Fire-Boltt,Material quality feels cheap
Blaupunkt BTW07,https://www.blaupunkt.com,9/15/2023,Quality-focused,Blaupunkt,Noise isolation is decent
Lenovo HT10,https://www.lenovo.com/in,9/10/2023,Budget-focused,Lenovo,Bluetooth range is good
Nokia Clarity Earbuds,https://www.nokia.com,9/5/2023,Value-for-money,Nokia,Design is attractive and lightweight
Panasonic RP-HF410B,https://www.panasonic.com/in,9/1/2023,Durability-focused,Panasonic,Charging time is reasonable
Skullcandy Crusher Evo,https://www.skullcandy.in,8/25/2023,Premium-seeker,Skullcandy,Satisfied with overall quality
Bose QuietComfort 45,https://www.boseindia.com,8/20/2023,Quality-focused,Bose,Sound quality is not as advertised
AKG N700NC,https://www.akg.com,8/15/2023,Performance-focused,AKG,Good for casual listening
Marshall Major IV,https://www.marshallheadphones.com,8/10/2023,Comfort-focused,Marshall,Battery performance is below average
Beats Studio 3,https://www.beatsbydre.com,8/5/2023,Quality-focused,Beats,Comfortable but heavy on ears
Urbanista Miami,https://www.urbanista.com,8/1/2023,Budget-focused,Urbanista,Build quality is solid
Tribit XFree Tune,https://tribit.com,7/25/2023,Value-for-money,Tribit,Noise cancellation is effective
Edifier W820NB,https://www.edifier.com,7/20/2023,Feature-focused,Edifier,Easy to pair with devices
Boat Nirvana 751,https://www.boat-lifestyle.com,7/15/2023,Quality-focused,boAt,Design feels outdated
Wings Phantom 760,https://wingslifestyle.in,7/10/2023,Battery-life-focused,Wings,Charging port is loose
Noise Two Wireless,https://www.gonoise.com,7/5/2023,Comfort-focused,Noise,Overall performance is good
Boult XCharge,https://www.boultaudio.com,7/1/2023,Budget-focused,Boult Audio,Sound is balanced and clear
Lava Probuds,https://www.lavamobiles.com,6/25/2023,Quality-focused,Lava,Affordable and reliable product
itel TWS Earbuds,https://www.itel-life.com,6/20/2023,Value-for-money,itel,Battery life is impressive
Altec Lansing True Evo,https://www.alteclansing.com,6/15/2023,Performance-focused,Altec Lansing,Comfortable fit for daily use
Asus ROG Cetra,https://www.asus.com/in,6/10/2023,Durability-focused,ASUS,Build quality exceeded expectations
Samsung Galaxy S21,https://www.samsung.com/in,6/5/2023,Quality-focused,Samsung,Noise cancellation helps in traffic
iPhone 13,https://www.apple.com/in,6/1/2023,Budget-focused,Apple,Bluetooth connection is smooth
OnePlus Nord CE 2,https://www.oneplus.in,5/25/2023,Value-for-money,OnePlus,Design looks premium
Redmi Note 12,https://www.mi.com/in,5/20/2023,Feature-focused,Redmi,Charging is quick and easy
Realme Narzo 50,https://www.realme.com/in,5/15/2023,Quality-focused,Realme,Highly recommended for quality seekers
Vivo Y20,https://www.vivo.com/in,5/10/2023,Battery-life-focused,Vivo,Sound is average for the price
Oppo F21 Pro,https://www.oppo.com/in,5/5/2023,Comfort-focused,Oppo,Good product for students
Motorola Edge 30,https://www.motorola.in,5/1/2023,Premium-seeker,Motorola,Battery drains during calls
Poco X5 Pro,https://www.po.co,4/25/2023,Quality-focused,Poco,Comfort is decent
Infinix Zero 5G,https://www.infinixmobiles.in,4/20/2023,Performance-focused,Infinix,Build quality is average
Tecno Spark 10,https://www.tecno-mobile.com,4/15/2023,Durability-focused,Tecno,Noise cancellation is weak
Lava Blaze 5G,https://www.lavamobiles.com,4/10/2023,Budget-focused,Lava,Connectivity drops occasionally
iQOO Z7,https://www.iqoo.com/in,4/5/2023,Value-for-money,iQOO,Design is compact
Google Pixel 6a,https://store.google.com/in,4/1/2023,Quality-focused,Google,Charging cable works fine
Samsung Galaxy M33,https://www.samsung.com/in,3/25/2023,Battery-life-focused,Samsung,Overall okay product
Redmi 10 Prime,https://www.mi.com/in,3/20/2023,Comfort-focused,Redmi,Sound quality is crisp
OnePlus 11R,https://www.oneplus.in,3/15/2023,Quality-focused,OnePlus,Worth buying for the price
Nokia G21,https://www.nokia.com,3/10/2023,Budget-focused,Nokia,Battery lasts full day
Spigen Mobile Case,https://www.spigen.com,3/5/2023,Value-for-money,Spigen,Comfortable for workouts
Mi Power Bank 20000mAh,https://www.mi.com/in,3/1/2023,Feature-focused,Xiaomi,Build quality is durable
Ambrane Fast Charger,https://ambraneindia.com,2/25/2023,Quality-focused,Ambrane,Noise cancellation is good indoors
Samsung 25W Adapter,https://www.samsung.com/in,2/20/2023,Performance-focused,Samsung,Bluetooth pairing is fast
Apple MagSafe Charger,https://www.apple.com/in,2/15/2023,Durability-focused,Apple,Design is sleek
Anker PowerLine Cable,https://www.anker.com,2/10/2023,Budget-focused,Anker,Charging speed is good
Amazon Basics Cable,https://www.amazon.in/amazonbasics,2/5/2023,Quality-focused,Amazon Basics,Happy with the purchase
Caseology Phone Cover,https://www.caseologycases.com,2/1/2023,Battery-life-focused,Caseology,Sound could be better
Ringke Fusion Case,https://www.ringkestore.com,1/25/2023,Comfort-focused,Ringke,Budget-friendly option
Noise Screen Guard,https://www.gonoise.com,1/20/2023,Premium-seeker,Noise,Battery backup is acceptable
Spigen Tempered Glass,https://www.spigen.com,1/15/2023,Quality-focused,Spigen,Comfort is not great
Noise Screen Guard,https://www.logitech.com,1/10/2023,Value-for-money,Logitech,Build feels fragile
Spigen Tempered Glass,https://www.hp.com/in,1/5/2023,Performance-focused,HP,Noise isolation is minimal
Logitech Wireless Mouse,https://www.dell.com/in,1/1/2023,Durability-focused,Dell,Bluetooth has minor lag
HP Keyboard Mouse Combo,https://www.asus.com/in,12/25/2022,Budget-focused,ASUS,Design is decent
Dell Inspiron Laptop,https://www.lenovo.com/in,12/20/2022,Quality-focused,Lenovo,Charging takes longer
Asus VivoBook 15,https://www.apple.com/in,12/15/2022,Feature-focused,Apple,Product is average overall
Lenovo IdeaPad Slim,https://www.samsung.com/in,12/10/2022,Battery-life-focused,Samsung,Battery backup is acceptable
Apple MacBook Air M1,https://www.lg.com/in,12/5/2022,Comfort-focused,LG,Comfort is not great
Samsung 43 Inch Smart TV,https://www.whirlpoolindia.com,12/1/2022,Quality-focused,Whirlpool,Build feels fragile
LG 7kg Washing Machine,https://www.philips.co.in,11/25/2022,Budget-focused,Philips,Noise isolation is minimal
Whirlpool Double Door Refrigerator,https://www.prestige.co.in,11/20/2022,Value-for-money,Prestige,Bluetooth has minor lag
Philips Mixer Grinder,https://www.asus.com/in,11/15/2022,Performance-focused,Samsung,Design is decent
Prestige Induction Cooktop,https://www.lenovo.com/in,11/10/2022,Durability-focused,LG,Charging takes longer
Samsung 25W Adapter,https://www.apple.com/in,11/5/2022,Premium-seeker,Whirlpool,Product is average overall
Apple MagSafe Charger,https://www.samsung.com/in,11/1/2022,Quality-focused,Philips,Sound could be better
Anker PowerLine Cable,https://www.lg.com/in,,Comfort-focused,Prestige,Budget-friendly option
Amazon Basics Cable,https://www.whirlpoolindia.com,,,,
Caseology Phone Cover,https://www.philips.co.in,,,,
Ringke Fusion Case,https://www.prestige.co.in,,,,
